group,names,scores,logfoldchanges,pvals,pvals_adj
0,G0020,24.134192,3.3200157,1.0943598787205896e-128,9.206496299854504e-127
0,G0025,24.134192,3.0694613,1.0943598787205896e-128,9.206496299854504e-127
0,G0009,24.134192,3.1919377,1.0943598787205896e-128,9.206496299854504e-127
0,G0012,24.134192,3.2536879,1.0943598787205896e-128,9.206496299854504e-127
0,G0014,24.134192,3.127954,1.0943598787205896e-128,9.206496299854504e-127
1,G0076,20.800804,3.1307888,4.256099829724654e-96,4.351544868350998e-94
1,G0069,20.800804,3.2658622,4.256099829724654e-96,4.351544868350998e-94
1,G0071,20.800804,3.3137493,4.256099829724654e-96,4.351544868350998e-94
1,G0072,20.800804,3.2827795,4.256099829724654e-96,4.351544868350998e-94
1,G0073,20.800804,3.1970165,4.256099829724654e-96,4.351544868350998e-94
2,G0097,19.299599,3.2485428,5.412847150389494e-83,5.00564446770467e-81
2,G0120,19.299599,3.1548362,5.412847150389494e-83,5.00564446770467e-81
2,G0094,19.299599,3.1705072,5.412847150389494e-83,5.00564446770467e-81
2,G0099,19.299599,3.1884673,5.412847150389494e-83,5.00564446770467e-81
2,G0084,19.299599,3.3240564,5.412847150389494e-83,5.00564446770467e-81
3,G0160,14.505893,3.2352717,1.1118181946089065e-47,1.0574649195756505e-45
3,G0139,14.505893,3.0841527,1.1118181946089065e-47,1.0574649195756505e-45
3,G0147,14.505893,3.4113047,1.1118181946089065e-47,1.0574649195756505e-45
3,G0143,14.505893,3.1327448,1.1118181946089065e-47,1.0574649195756505e-45
3,G0155,14.505893,3.074572,1.1118181946089065e-47,1.0574649195756505e-45
